model,window_type,train_size,test_size,accuracy,precision,recall,f1,balanced_accuracy
static_random_forest,final_static_cumulative,5000,1595000,0.6796275862068966,0.6409238680695117,0.8162031484445961,0.7180212474312593,0.6796974223651917
static_logistic_regression,final_static_cumulative,5000,1595000,0.7005768025078369,0.6641654849250879,0.8108549577714994,0.7302161524591128,0.7006331918250861
